"app","headline","primary_text","cta","url"
"pet-reunion","무지개다리 건넌 우리 아이, 다시 만나요","남아 있는 사진으로, 꼬리를 흔들며 달려오는 모습을 영상으로 만들어 드립니다. 14,900원.","우리 아이 다시 만나기","https://ju2497-web.github.io/lab/pet-reunion/?utm_source=meta&utm_campaign=fakedoor&utm_content=pet-reunion"
"pet-human","우리 강아지가 사람이라면?","털 색, 눈매, 성격까지 그대로. 사람이 된 우리 아이를 만나보세요. 4,900원.","사람 버전 만나기","https://ju2497-web.github.io/lab/pet-human/?utm_source=meta&utm_campaign=fakedoor&utm_content=pet-human"
"pet-baby","입양 전, 우리 아이의 아기 시절을 만나보세요","보호소에서 만나 몰랐던 꼬물이 시절. 지금 사진으로 아기 때 모습을 되살려 드립니다. 9,900원.","아기 시절 만나기","https://ju2497-web.github.io/lab/pet-baby/?utm_source=meta&utm_campaign=fakedoor&utm_content=pet-baby"
"pet-letter","무지개다리에서 편지가 도착했습니다","우리 아이가 남긴 사진과 추억을 알려주시면, 아이가 보내는 영상 편지로 만들어 드립니다. 9,900원.","편지 받아보기","https://ju2497-web.github.io/lab/pet-letter/?utm_source=meta&utm_campaign=fakedoor&utm_content=pet-letter"
"pet-family-photo","떠난 아이와 다시 찍는 가족사진","함께 찍지 못한 마지막 가족사진. 지금 우리 가족 사진 속에 그 아이를 다시 앉혀 드립니다. 12,900원.","가족사진 다시 찍기","https://ju2497-web.github.io/lab/pet-family-photo/?utm_source=meta&utm_campaign=fakedoor&utm_content=pet-family-photo"
"pet-emoticon","우리 아이로 이모티콘 24종 만들기","사진 몇 장이면 우리 아이 얼굴로 ‘ㅇㅋ’, ‘배고파’, ‘사랑해’ 이모티콘 세트가 완성됩니다. 6,900원.","이모티콘 만들기","https://ju2497-web.github.io/lab/pet-emoticon/?utm_source=meta&utm_campaign=fakedoor&utm_content=pet-emoticon"
"cat-human","우리 고양이가 사람이라면?","도도한 눈빛, 털 색, 츤데레 성격까지 그대로. 사람이 된 우리 냥이를 만나보세요. 4,900원.","사람 버전 냥이 만나기","https://ju2497-web.github.io/lab/cat-human/?utm_source=meta&utm_campaign=fakedoor&utm_content=cat-human"
"pet-webtoon","우리 아이가 주인공인 4컷 웹툰","간식 앞 표정, 산책 거부, 새벽 우다다. 우리 아이 일상이 웹툰이 됩니다. 5,900원.","웹툰 만들기","https://ju2497-web.github.io/lab/pet-webtoon/?utm_source=meta&utm_campaign=fakedoor&utm_content=pet-webtoon"
"pet-poster","우리 아이 주연, 영화 포스터 개봉박두","액션 · 로맨스 · 공포 · 사극. 우리 아이가 주연을 맡은 천만 영화 포스터를 만들어 드립니다. 4,900원.","포스터 만들기","https://ju2497-web.github.io/lab/pet-poster/?utm_source=meta&utm_campaign=fakedoor&utm_content=pet-poster"
"pet-studio","집에서 찍은 사진으로 펫 스튜디오 화보","목욕 · 이동 · 낯선 조명 스트레스 없이, 휴대폰 사진으로 스튜디오 화보를 완성합니다. 14,900원.","화보 만들기","https://ju2497-web.github.io/lab/pet-studio/?utm_source=meta&utm_campaign=fakedoor&utm_content=pet-studio"
